Status;Fit;Sektor;Arbeitgeber;Stelle;Stufe;Funktion;Ort;Kanton;Quelle;Link;Weitere Links;Datum / Frist;Hinweise;Aktualitäts-Indiz;Konfidenz
Wahrscheinlich offen;hoch;Asset Management;UBS (Asset Management);2027 Graduate Talent Program - Asset Management In;Graduate-/Traineeprogramm;Graduate-Programm Asset Management (Track-Suffix abgeschnitten, evtl. Investments/Infrastructure);"Nicht im Snippet sichtbar (Titel abgeschnitten; UBS-GTP-Tracks v.a. Zürich, London, NY)";Unklar;Firmen-Website;https://jobs.ubs.com/TGnewUI/Search/home/HomeWithPreLoad?partnerid=25008&siteid=5131&PageType=JobDetails&jobid=348697;;Einstieg 2027;"Standort und genauer Track nicht verifiziert; ein separater Track 'Asset Management Infrastructure - NY' (jobid 350519) existiert, daher Ort prüfen.";"Intake 2027 im Titel; hohe Job-ID 348697 (aktueller Zyklus)";niedrig
Wahrscheinlich offen;hoch;Asset Management;UBS Asset Management (Unified Global Alternatives);2027 Graduate Talent Program – Asset Management UGA - ZH;Graduate-/Traineeprogramm;Alternatives (Real Estate, Private Markets, Hedge Funds) – Graduate-Rotation;Zürich;ZH;Andere;https://frontaliereticino.ch/en/find-jobs-zurich/2027-graduate-talent-program-asset-management-uga-zh-ubs-zurich/;https://de.glassdoor.ch/job-listing/2027-graduate-talent-program-asset-management-uga-zh-ubs-JV_IC3297851_KO0,52_KE53,56.htm?jl=1010261330758;2026 publiziert, Start 2027;"Starker Fit für Real-Estate-/Private-Markets-Profil; Original auf jobs.ubs.com; Abschluss 2025–2027, max. 2 J. Erfahrung.";"Intake 2027 im Titel; auf Aggregator mit Lohnband CHF 73'500–111'500";mittel
Wahrscheinlich offen;hoch;Asset Management;VZ VermögensZentrum;Einstieg Portfolio Management von Institutionellen Kunden, 80-100%;Einstieg / Analyst / Junior;Portfolio Management institutionelle Kunden;Zug (Hauptsitz);ZG;Firmen-Website;https://jobs.vermoegenszentrum.ch/offene-stellen/einstieg-portfolio-management-von-institutionellen-kunden/69c2f182-0aa2-4d85-81aa-85ada2348777;;;"Team institutionelle Kunden am Hauptsitz Zug; für Hochschulabsolventen bzw. kurz vor Studienabschluss; 80-100%.";Aktuell auf VZ-Karriereportal gelistet (Sept. 2026 Suche);mittel
Wahrscheinlich offen;hoch;Asset Management;Zürcher Kantonalbank (Mutterhaus von Swisscanto);Traineeprogramm Focus «Institutionals & Multinationals» für Hochschulabsolventen;Graduate-/Traineeprogramm;Spezialisierung in Asset & Portfolio Management, Research, Trading, Sales & Capital Markets oder Institutional Clients;Zürich;ZH;Firmen-Website;https://www.zkb.ch/de/ueber-uns/jobs-karriere/young-talents/programm-focus.html;;"Wahrscheinlich Start 2027 (nicht bestätigt); ZKB-Matching-Day 27.11.2026";"18 Monate, Festanstellung, Module zu Treasury/FX/Marktanalyse; die Tracks AM und Research passen am besten zur Master-These.";"Programm läuft laufend; Startdatum 2027 wurde nur für T-Shaped bestätigt";mittel
Wahrscheinlich offen;mittel;Asset Management;Zürcher Kantonalbank (Asset Management / Swisscanto);Junior Business Engineer im Asset Management (w/m/d);Einstieg / Analyst / Junior;Business Engineering / Analyse der Nachhaltigkeitsanforderungen für die Portfolio-Management-Plattform;Zürich;ZH;jobs.ch / jobup.ch;https://www.jobs.ch/de/stellenangebote/detail/ddc7c4e9-8e32-4743-b7c9-5d5aa8cf3d26/;;Wahrscheinlich ab Juni 2026 ausgeschrieben;"Uni-Abschluss BWL/Wirtschaftsinformatik, erste Bankerfahrung; Schnittstelle zu PM, Risk, ESG, IT; 80–100%. Auch auf Experteer/Jooble.";Inserat nennt AuM 'per 31.05.2026';mittel
Wahrscheinlich offen;mittel;Bank – Konzernfunktionen (Risk, Finance, Treasury, Audit …);UBS;2027 Graduate Talent Program – Corporate Clients;Graduate-/Traineeprogramm;Graduate Program Corporate Clients (Firmenkunden);vermutlich Schweiz (Zürich);Unklar;Firmen-Website / Andere;https://krb-sjobs.brassring.com/TGnewUI/Search/home/HomeWithPreLoad?partnerid=25008&siteid=5029&PageType=JobDetails&jobid=350715;;;"2027er Jahrgang via UBS-Campus-Board; Standort abgeschnitten, wahrscheinlich Schweiz";;mittel
Wahrscheinlich offen;mittel;Bank – Konzernfunktionen (Risk, Finance, Treasury, Audit …);UBS (Group Real Estate & Supply Chain);2027 Graduate Talent Program - Group Real Estate a;Graduate-/Traineeprogramm;Corporate Real Estate: Immobilienstrategie, Real-Estate-Daten, Analytics und Reporting;Nicht im Snippet sichtbar;Unklar;Firmen-Website;https://jobs.ubs.com/TGnewUI/Search/home/HomeWithPreLoad?partnerid=25008&siteid=5131&PageType=JobDetails&jobid=347435;;Einstieg 2027;"Titel abgeschnitten (vermutlich 'Group Real Estate and Supply Chain'); Corporate RE, keine Investment-Rolle; Standort prüfen.";"Intake 2027 im Titel; Job-ID 347435";niedrig
Wahrscheinlich offen;mittel;Bank – Konzernfunktionen (Risk, Finance, Treasury, Audit …);UBS (Group Technology);2027 Graduate Talent Program – Tech – IT Business Analyst – Zurich;Graduate-/Traineeprogramm;IT Business Analyst (Schnittstelle Business/Technologie, keine reine Softwareentwicklung);Zürich;ZH;Glassdoor;https://de.glassdoor.ch/job-listing/2027-graduate-talent-program-tech-it-business-analyst-zurich-ubs-JV_IC3297851_KO0,60_KE61,64.htm?jl=1010273115099;;"Intake 2027; rollierend";"18–24 Monate; Anforderungsanalyse, Projekte. Abschluss 2025–2027, max. 2 Jahre Berufserfahrung.";"2027 im Titel; Glassdoor-Listing (hohe jl-ID) im September 2026 aktiv; auch auf talendo.ch gelistet";hoch
Wahrscheinlich offen;mittel;Bank – Konzernfunktionen (Risk, Finance, Treasury, Audit …);Zürcher Kantonalbank (Mutterhaus von Swisscanto);Traineeprogramm «T-Shaped» für Hochschulabsolventen;Graduate-/Traineeprogramm;18-monatiges Traineeprogramm quer durch mehrere Fachbereiche der Bank;Zürich;ZH;Firmen-Website;https://www.zkb.ch/de/ueber-uns/jobs-karriere/young-talents/programm-t-shaped.html;;"Start März 2027; Matching Day 27.11.2026";"Für Hochschulabsolventen; Festanstellung ab Tag 1; Rotation durch mehrere Fachbereiche; Kontakt youngtalents@zkb.ch.";ZKB-Seite: 'Jetzt bewerben für Start im März 2027';hoch
Wahrscheinlich offen;gering;Bank – Konzernfunktionen (Risk, Finance, Treasury, Audit …);UBS;2027 Graduate Talent Program - Group Internal Audi;Graduate-/Traineeprogramm;Graduate Program Group Internal Audit;unklar (evtl. Zürich);Unklar;Firmen-Website / Andere;https://jobs.ubs.com/TGnewUI/Search/home/HomeWithPreLoad?partnerid=25008&siteid=5131&PageType=JobDetails&jobid=349418;;;"2027er Jahrgang; Standort im Titel abgeschnitten, Zürich nicht bestätigt";;niedrig
Wahrscheinlich offen;gering;Bank – Konzernfunktionen (Risk, Finance, Treasury, Audit …);UBS;2027 Internship - Internal Audit Compliance, Governance, Legal - ZH;Praktikum (Absolventen);Internal Audit / Compliance;Zürich;ZH;Glassdoor;https://de.glassdoor.ch/job-listing/2027-internship-internal-audit-compliance-governance-legal-zurich-ubs-JV_IC3297851_KO0,65_KE66,69.htm?jl=1010265379327;;;"Glassdoor; Intake 2027; Audit/Compliance, nur am Rand passend.";;mittel
Wahrscheinlich offen;gering;Fintech / Digital Assets;AMINA Bank AG;Compliance Officer - Transaction Monitoring;Unklar;Compliance / Transaction Monitoring (Risk);Zug;ZG;Firmen-Website;https://amina.jobs.personio.com/job/2661036?language=en;;;Compliance-Rolle mit Transaktionsüberwachung. Nur als Randoption, da eher Risk/Compliance statt Investment.;Höchste gesehene AMINA-Personio-ID (2,66 Mio.), daher wahrscheinlich aktuell;mittel
Wahrscheinlich offen;hoch;Investment Banking;Bank of America;Investment Banking 2027 Off-Cycle Analyst - Zurich;Praktikum (Absolventen);IB Off-Cycle Analyst;Zürich;ZH;Firmen-Website;https://careers.bankofamerica.com/en-us/students/job-detail/14610/investment-banking-2027-off-cycle-analyst-zurich-zurich-switzerland;;"2026 publiziert; Einsätze 2027";"Abschluss Jan 2026–Jul 2028 (Snippet, evtl. BofA), auch Absolventen; CH/EU/EFTA-Nationalität oder Bewilligung nötig.";Intake 2027 im Titel;mittel
Wahrscheinlich offen;hoch;Investment Banking;Jefferies;2027 Investment Banking Off-Cycle Internship – Zurich (Q1);Praktikum (Absolventen);IB Off-Cycle (M&A);Zürich;ZH;Andere;https://www.nablacareers.com/finance-jobs/jefferies/europe/investment-banking/2027-investment-banking-off-cycle-internship-zurich-q1/;;"2026 publiziert; Start Q1 2027";"Auf Aggregator gespiegelt; Absolventen-Eignung nicht verifiziert.";Intake Q1 2027 im Titel;niedrig
Wahrscheinlich offen;hoch;Investment Banking;UBS;2027 Graduate Talent Program - Investment Banking Mid Market - Zurich;Graduate-/Traineeprogramm;IB Global Banking Mid Market (M&A/ECM/DCM-Execution);Zürich;ZH;LinkedIn;https://ch.linkedin.com/jobs/view/2027-graduate-talent-program-investment-banking-mid-market-zurich-at-ubs-4392948652;;"ca. Frühjahr 2026 (LinkedIn-ID 4392948652); Start 2027";"Graduate-Programm (ausserhalb des Sweep-Fokus, aber Zürich-Einstieg); Abschluss 2025–2027, max. 2 J. Berufserfahrung.";"Intake 2027 im Titel; LinkedIn-ID ~4.39 Mrd. LinkedIn-ID 4392948652";mittel
Wahrscheinlich offen;hoch;Investment Banking;UBS;2027 Off-Cycle Internship - Investment Banking DCM - Zurich;Praktikum (Absolventen);Debt Capital Markets;Zürich;ZH;Firmen-Website;https://jobs.ubs.com/TGnewUI/Search/home/HomeWithPreLoad?partnerid=25008&siteid=5176&PageType=JobDetails&jobid=342575;https://de.glassdoor.ch/job-listing/2027-internship-investment-banking-dcm-zurich-ubs-JV_IC3297851_KO0,45_KE46,49.htm?jl=1010262771657;"ca. Anfang 2026 publiziert; Einsätze 2027";"Eignung für Absolventen nicht explizit bestätigt; DCM-Nähe zu Leveraged/Private Debt.";Intake 2027 im Titel;niedrig
Wahrscheinlich offen;hoch;Investment Banking;UBS;2027 Off-Cycle Internship - Investment Banking Large Cap - Zurich;Praktikum (Absolventen);IB Large Cap (M&A/Coverage);Zürich;ZH;Firmen-Website;https://jobs.ubs.com/TGnewUI/Search/home/HomeWithPreLoad?partnerid=25008&siteid=5176&PageType=JobDetails&jobid=342558;https://de.glassdoor.ch/job-listing/2027-internship-investment-banking-large-cap-zurich-ubs-JV_IC3297851_KO0,51_KE52,55.htm?jl=1010262099680;"ca. Anfang 2026 publiziert; Einsätze 2027";"Auf UBS-Graduate-Board; ob Absolventen explizit zugelassen sind, nicht verifiziert; typischer Einstiegsweg nach Master.";Intake 2027 im Titel;niedrig
Wahrscheinlich offen;hoch;Investment Banking;UBS;2027 Off-Cycle Internship - Investment Banking Mid Market - Zurich;Praktikum (Absolventen);IB Mid Market Schweiz (M&A);Zürich;ZH;Firmen-Website;https://jobs.ubs.com/TGnewUI/Search/home/HomeWithPreLoad?partnerid=25008&siteid=5176&PageType=JobDetails&jobid=342562;https://de.glassdoor.ch/job-listing/2027-internship-investment-banking-mid-market-zurich-ubs-JV_IC3297851_KO0,52_KE53,56.htm?jl=1010262772021;"ca. Anfang 2026 publiziert; Einsätze 2027";"Eignung für Absolventen nicht explizit bestätigt; oft Sprungbrett zur Analyst-Festanstellung.";Intake 2027 im Titel;niedrig
Wahrscheinlich offen;hoch;Investment Banking;UBS;Inv. Banker Analyst – UBS M&A mid-market (Corporate Advisory Group);Einstieg / Analyst / Junior;M&A Advisory Mid-Market Schweiz (Analyst);"Zürich (vermutlich; Schweizer UBS-Portal, Corporate Advisory Group sitzt in Zürich)";ZH;Firmen-Website;https://jobs.ubs.com/TGnewUI/Search/home/HomeWithPreLoad?partnerid=25008&siteid=5155&PageType=JobDetails&jobid=348547;;ca. Jul–Aug 2026 (aus Job-ID abgeleitet);"Schweizer Mid-Market-M&A-Team (CAG); im Experienced-Portal gelistet; Standort und verlangte Erfahrung nicht verifiziert.";Job-ID 348547 liegt im Nummernkreis der im Aug/Sep 2026 publizierten 2027-GTP-Stellen (347k–351k);mittel
Wahrscheinlich offen;mittel;Investment Banking;JPMorgan Chase;2027 Global Corporate Banking - Mid-Cap - Off-Cycle Internship Program - Zurich;Praktikum (Absolventen);Corporate Banking Mid-Cap (Kredit/Coverage);Zürich;ZH;Andere;https://www.evenbreak.com/job/1449647/2027-global-corporate-banking-mid-cap-off-cycle-internship-program-zurich/;;"2026 publiziert; Einsätze 2027";"Auf Evenbreak gespiegelt; Absolventen-Eignung nicht verifiziert; Original auf jpmorganchase.com.";Intake 2027 im Titel;niedrig
Wahrscheinlich offen;hoch;Research / Ratings / Finanzdaten;UBS;2027 Graduate Talent Program - Global Research;Graduate-/Traineeprogramm;Graduate-Programm Research (Equity/Credit/Real Estate Research);Nicht im Snippet sichtbar;Unklar;Firmen-Website;https://jobs.ubs.com/TGnewUI/Search/home/HomeWithPreLoad?partnerid=25008&siteid=5131&PageType=JobDetails&jobid=350172;;Einstieg 2027;"Standort nicht verifiziert (Zürich möglich); passt gut zu empirischer Finance- und Immobilien-Expertise.";"Intake 2027 im Titel; Job-ID 350172";niedrig
Wahrscheinlich offen;mittel;Wealth Management;UBS;2027 Graduate Talent Program – Global Wealth Management;Graduate-/Traineeprogramm;Graduate Program Global Wealth Management;unklar (Suche: Zürich);Unklar;Firmen-Website / Andere;https://jobs.ubs.com/TGnewUI/Search/home/HomeWithPreLoad?partnerid=25008&siteid=5131&PageType=JobDetails&jobid=347303&frmSiteId=5132;https://jobs.ubs.com/TGnewUI/Search/home/HomeWithPreLoad?partnerid=25008&siteid=5131&PageType=JobDetails&jobid=347415;;"Intake 2027; Titel abgeschnitten, Standort nicht angegeben.";;mittel
Wahrscheinlich offen;mittel;Wealth Management;VZ VermögensZentrum;Einstieg ins Financial Consulting – Unabhängige Vermögensberatung 80-100%;Graduate-/Traineeprogramm;Finanzberatung / Vermögensberatung (Trainee zum Berater);"Zug (laut Suchzusammenfassung; mehrere Standorte möglich)";ZG;Firmen-Website;https://jobs.vermoegenszentrum.ch/offene-stellen/einstieg-ins-financial-consulting-unabhaengige-vermoegensberatung/779bbb02-01dd-4a21-b614-d28943d2190e;https://www.jobs.ch/en/vacancies/detail/90fed301-f158-4dfe-8599-bdbf6d61f073/;;"18-24 Mt. Trainee zum Berater mit eigenen Kunden; Wirtschaftsstudium; unbefristet. Gleicher Titel auch auf jobs.ch (90fed301…).";Aktuell auf VZ-Karriereportal gelistet;mittel
Offen? (prüfen);hoch;Asset Management;LGT Capital Partners AG;Analyst Program - Equity;Graduate-/Traineeprogramm;Equity Investment Analyst (Liquid / Long-only);Pfäffikon SZ;SZ;jobs.ch / jobup.ch;https://www.jobs.ch/de/stellenangebote/detail/a3f97f6d-24d4-42e0-a482-353f9649f2b9/;;;"Analystenprogramm im Equity-Team (liquide Anlagen); für Absolventen.";Kein Datum im Snippet;niedrig
Offen? (prüfen);hoch;Asset Management;LGT Capital Partners AG;Private Markets Analyst Program – Program Management Team;Graduate-/Traineeprogramm;Private Markets Programm-/Portfoliomanagement;Pfäffikon SZ;SZ;jobs.ch / jobup.ch;https://www.jobs.ch/en/vacancies/detail/aec1373f-2c25-46a6-bf49-3124f1aa5a80/;;;"2-jährige Vollzeitanstellung für Absolventen; Private Markets; Übernahme möglich.";"Kein Datum im Snippet; Analyst Program rollierend jährlich";niedrig
Offen? (prüfen);hoch;Asset Management;Patrimonium Asset Management AG;Investment Associate (m/w);Associate (0–3 J.);Investment Associate, Private Markets / Real Estate / Private Debt;"Baar (Firmensitz; Ort im Inserat nicht bestätigt)";ZG;jobs.ch / jobup.ch;https://www.jobs.ch/de/stellenangebote/detail/9613115/;;;"Nebenfund. Patrimonium investiert in Immobilien und Private Debt; sehr gute Passung, aber die Aktualität muss geprüft werden.";"Alte numerische jobs.ch-ID (7-stellig); das Inserat ist wahrscheinlich veraltet";niedrig
Offen? (prüfen);hoch;Asset Management;Reichmuth & Co Investment Management AG;(Junior) Asset Manager Infrastruktur (m/w);Einstieg / Analyst / Junior;Asset Management Infrastruktur-Investments;Zürich und Luzern;Mehrere;jobs.ch / jobup.ch;https://www.jobs.ch/en/vacancies/?region=19&term=asset-manager;;"Unklar; befristete Stelle, 80–100%";"Nur über die jobs.ch-Ergebnisliste gesehen, die Einzel-URL fehlt; befristet, 80–100%. Auf jobs.ch nach Reichmuth suchen.";In der aktuellen jobs.ch-Ergebnisliste (Region Zürich) gelistet;niedrig
Offen? (prüfen);hoch;Asset Management;"Unbekannt (Treffer bei Suche 'Swiss Life Asset Managers'; nicht verifiziert)";Junior Investment Manager – Value-Add Infrastructure (f/m/d);Einstieg / Analyst / Junior;Infrastruktur-Investments (Value-Add), Transaktionen und Bewertung;Nicht im Snippet sichtbar (vermutlich Zürich);Unklar;jobs.ch / jobup.ch;https://www.jobs.ch/en/vacancies/detail/cbc5a29c-cef8-4e69-9e8b-deb6abd50339/;;;"Arbeitgeber und Standort nicht bestätigt; laut Swiss-Life-AM-Snippet verlangen Junior-Rollen dort ca. 1,5–2,5 Jahre Erfahrung.";"Aktuell auf jobs.ch indexiert; kein Datum sichtbar";niedrig
Offen? (prüfen);mittel;Asset Management;LGT Capital Partners AG;Business Analyst - SimCorp Dimension, 80-100%;Unklar;Business Analyst Portfoliomanagement-System;Pfäffikon SZ;SZ;jobs.ch / jobup.ch;https://www.jobs.ch/de/stellenangebote/detail/3d87b915-1f96-432f-bb07-21022e0685a7/;;;"Business Analyse rund um SimCorp Dimension; Systemerfahrung vermutlich gefordert.";Kein Datum im Snippet;niedrig
Offen? (prüfen);mittel;Asset Management;Partners Group AG;Client Solutions Analyst (Graduate Level) - Zug, Switzerland;Einstieg / Analyst / Junior;Client Solutions / Investor Relations;Baar / Zug;ZG;Firmen-Website;https://jobs.partnersgroup.com/job/Baar-Client-Solutions-Analyst-(Graduate-Level)-Zug,-Switzerland/1249665101/;;;"Explizit Graduate-Level; kundenorientierte Rolle im Private-Markets-Vertrieb; Aktualität nicht verifiziert.";Kein Datum sichtbar;niedrig
Offen? (prüfen);mittel;Asset Management;Zürcher Kantonalbank / Swisscanto;Business Engineer SCD (m/w/d);Unklar;Business Analyst für die SimCorp-Dimension-Plattform (SCD) im Fondsgeschäft;Zürich;ZH;jobs.ch / jobup.ch;https://www.jobs.ch/de/stellenangebote/detail/379c3b2b-25c4-4a42-93e0-abdccc2ec331/;;;Analytische Stärke, idealerweise Uni-Abschluss, Requirements Engineering, Excel/SQL. Erfahrungsstufe unklar, eher operativ/Systemnähe.;Kein Datum im Snippet gesehen;niedrig
Offen? (prüfen);hoch;Corporate Development / M&A (Konzern);Zürich Versicherungs-Gesellschaft AG (Zurich Insurance);M&A Associate;Unklar;Group M&A / Corporate Development;Zürich;ZH;jobs.ch / jobup.ch;https://www.jobs.ch/en/vacancies/detail/f450653b-0431-4ce8-be7c-6c5d152d82cd/;;;"Konzern-M&A beim Versicherer; Erfahrungsanforderung nicht verifiziert.";"jobs.ch-Detailseite in Suchergebnis; kein Datum sichtbar";niedrig
Offen? (prüfen);mittel;Fintech / Digital Assets;AMINA Bank AG;Accounting Specialist - IFRS;Unklar;Finance / Accounting (IFRS);Zug;ZG;Firmen-Website;https://amina.jobs.personio.com/job/2479883?language=en;;;IFRS-Rechnungslegung. Vermutlich wird etwas Accounting-Erfahrung verlangt, daher eher eine Stretch-Rolle.;"Personio-ID 2,48 Mio. (mittleres Alter); kein Datum sichtbar";niedrig
Offen? (prüfen);mittel;Fintech / Digital Assets;AMINA Bank AG;B2B2C Product Manager;Unklar;Produktmanagement (B2B2C / Banking-as-a-Service);Zug;ZG;Firmen-Website;https://amina.jobs.personio.com/job/2048633?language=en;;;Produktrolle für B2B2C-Angebote (Kryptodienste für Partnerbanken). Das Erfahrungsniveau ist nicht sichtbar.;Personio-ID 2,05 Mio., vermutlich ältere Ausschreibung;niedrig
Offen? (prüfen);mittel;Fintech / Digital Assets;AMINA Bank AG;Finance Manager;Unklar;Finance / Controlling;Zug;ZG;Firmen-Website;https://amina.jobs.personio.com/job/1967188?language=en;;;Finanzrolle bei einer Kryptobank. Erfahrungsniveau und Aktualität sind unklar, daher im Portal prüfen.;Eher niedrige Personio-ID (1,97 Mio.), vermutlich ältere Ausschreibung;niedrig
Offen? (prüfen);mittel;Fintech / Digital Assets;AMINA Bank AG;Junior Relationship Manager;Einstieg / Analyst / Junior;Client-facing / Relationship Management (Digital Assets Banking);Zug;ZG;Firmen-Website;https://amina.jobs.personio.com/job/1935261?language=en;;;Junior-RM-Rolle bei FINMA-lizenzierter Kryptobank. Die Aktualität ist unklar, daher auf dem AMINA-Personio-Portal prüfen.;"Personio-Seite im Index; eher niedrige Personio-ID (ca. 1,93 Mio.), also wahrscheinlich ältere Ausschreibung";niedrig
Offen? (prüfen);mittel;Fintech / Digital Assets;Sygnum Bank AG;Junior Relationship Manager EAM/MFO;Einstieg / Analyst / Junior;Relationship Management für externe Vermögensverwalter (EAM) und Multi-Family-Offices;Zürich;ZH;Andere;https://web3.career/junior-relationship-manager-eam-mfo-sygnum/21130;;;Titel aus der URL abgeleitet. Die Aktualität auf der Sygnum-Karriereseite prüfen. Gute Brücke zu Wealth Management und Family Office.;"Aggregator (web3.career), Datum nicht sichtbar; die niedrige Aggregator-ID deutet auf eine ältere Ausschreibung hin";niedrig
Offen? (prüfen);mittel;Fintech / Digital Assets;Sygnum Bank AG;Junior Relationship Manager Private Banking 100%;Einstieg / Analyst / Junior;Private Banking / Relationship Management;Zürich;ZH;Andere;https://web3.career/junior-relationship-manager-private-banking-100-sygnum/13550;;;"Titel aus der URL abgeleitet. Vermutlich nicht mehr offen, aber Sygnum rekrutiert regelmässig Junior RMs; die Karriereseite prüfen.";Aggregator (web3.career), sehr niedrige ID, daher wahrscheinlich alt;niedrig
Offen? (prüfen);gering;Fintech / Digital Assets;AMINA Bank AG;Account Manager (Periodic Risk Review);Unklar;Client Risk Review / KYC;Zug;ZG;Firmen-Website;https://amina.jobs.personio.com/job/2618546?language=en;;;Periodische Risiko- und KYC-Überprüfung von Kunden. Das Erfahrungsniveau ist nicht sichtbar.;"Hohe Personio-ID (2,62 Mio.) deutet auf eine jüngere Ausschreibung hin; kein Datum sichtbar";niedrig
Offen? (prüfen);gering;Fintech / Digital Assets;AMINA Bank AG;Account Manager, Client Servicing;Unklar;Client Servicing / Account Management;Zug;ZG;Firmen-Website;https://amina.jobs.personio.com/job/2591362?language=en;;;Kundenbetreuungsrolle, Anforderungen nicht sichtbar. Möglicher Einstieg in Client-Coverage bei einer Kryptobank.;"Relativ hohe Personio-ID (2,59 Mio.) deutet auf eine jüngere Ausschreibung hin; kein Datum sichtbar";niedrig
Offen? (prüfen);gering;Fintech / Digital Assets;AMINA Bank AG;Business Development Manager;Unklar;Business Development / Sales;Zug;ZG;Firmen-Website;https://amina.jobs.personio.com/job/1932203?language=en;;;Vertriebsnahe Business-Development-Rolle. Erfahrungsniveau und Aktualität sind unklar.;Niedrige Personio-ID (1,93 Mio.), vermutlich ältere Ausschreibung;niedrig
Offen? (prüfen);gering;Fintech / Digital Assets;AMINA Bank AG;Product Manager Business Applications;Unklar;Produktmanagement (interne Business-Applikationen);Zug;ZG;Firmen-Website;https://amina.jobs.personio.com/job/2026198?language=en;;;Eher IT- und Applikationsnähe. Nur relevant bei Interesse an Business Analysis und Systemen.;Personio-ID 2,03 Mio., vermutlich ältere Ausschreibung;niedrig
Offen? (prüfen);gering;Fintech / Digital Assets;AMINA Bank AG;Securities Operations;Unklar;Operations (Wertschriften);Zug;ZG;Firmen-Website;https://amina.jobs.personio.com/job/1931705?language=en;;;Operations-Rolle im Wertschriftenbereich. Mögliches Sprungbrett, aber tangential zum Profil.;Niedrige Personio-ID (1,93 Mio.), vermutlich ältere Ausschreibung;niedrig
Offen? (prüfen);hoch;Investment Banking;UBS;Financial Sponsors Group - Analyst;Einstieg / Analyst / Junior;Financial Sponsors Group (PE-Coverage/LevFin);unklar (Suche: Zürich);Unklar;Firmen-Website / Andere;https://jobs.ubs.com/TGnewUI/Search/home/HomeWithPreLoad?PageType=JobDetails&PartnerId=25008&SiteId=5012&jobId=344685;;;"Standort nicht im Titel; jobid ca. Anfang 2026.";;niedrig
Offen? (prüfen);hoch;Investment Banking;UBS;Investment Banking Analyst;Einstieg / Analyst / Junior;IB Analyst;unklar (Suche: Zürich);Unklar;Firmen-Website / Andere;https://jobs.ubs.com/TGnewUI/Search/home/HomeWithPreLoad?partnerid=25008&siteid=5012&PageType=JobDetails&jobid=343420;;;"UBS-Stellenportal ohne Datum, jobid ca. Anfang 2026; Standort nicht im Titel.";;niedrig
Offen? (prüfen);hoch;Investment Banking;UBS;Investment Banking Analyst (f/m/d);Stretch (2–4 J.);IB Analyst (Coverage/Execution);Unklar (Zürich oder Frankfurt möglich);Unklar;Firmen-Website;https://jobs.ubs.com/TGnewUI/Search/home/HomeWithPreLoad?partnerid=25008&siteid=5012&PageType=JobDetails&jobid=346431;;ca. Mitte 2026 (aus Job-ID abgeleitet);"Snippet: 'Analyst with 1-…' Jahren Erfahrung; Standort nicht verifiziert, vor Bewerbung prüfen.";Job-ID 346431 (2026er-Nummernkreis);niedrig
Offen? (prüfen);hoch;Investment Banking;UBS;Investment Banking Analyst – Healthcare;Einstieg / Analyst / Junior;IB Analyst Healthcare;unklar (Suche: Zürich);Unklar;Firmen-Website / Andere;https://jobs.ubs.com/TGnewUI/Search/home/HomeWithPreLoad?partnerid=25008&siteid=5012&PageType=JobDetails&jobid=346427;;;"Standort nicht im Titel; Healthcare-Team evtl. London/NY, prüfen.";;niedrig
Offen? (prüfen);hoch;Investment Banking;Unbekannt (anonymes Inserat auf eFinancialCareers);M&A Analyst 2-3 - Generalist;Stretch (2–4 J.);M&A Advisory / Transaktionen (Generalist);Zürich;ZH;eFinancialCareers;https://www.efinancialcareers.co.uk/jobs-Switzerland-Zurich-MA_Analyst_2-3_-_Generalist.id23210158;;;Gesucht wird ein Analyst im 2. oder 3. Jahr, M&A-Generalist. Der Arbeitgeber steht nicht im Snippet (vermutlich eine M&A-Boutique). Ob die Stelle noch offen ist, bitte prüfen.;Die eFC-ID 23210158 liegt klar unter der ID eines Inserats für Summer 2026 (id24084000), also wohl aus dem Jahr 2025. Ob die Stelle noch offen ist, ist unklar.;niedrig
Offen? (prüfen);mittel;Investment Banking;Alexander Charles (Recruiter, Kunde ungenannt);Corporate Finance Analyst - chf 170000 Zurich Swiss;Unklar;Corporate Finance Analyst;Zürich;ZH;LinkedIn;https://ch.linkedin.com/jobs/view/corporate-finance-analyst-chf-170-000-zurich-swiss-at-alexander-charles-4311009883;;;"Recruiter-Ausschreibung, Endkunde unbekannt; Gehalt CHF 170k deutet auf erfahrenes Profil hin.";LinkedIn-ID 4311009883 (ca. Okt. 2025) LinkedIn-ID 4311009883;niedrig
Offen? (prüfen);mittel;Pharma / Biotech / Medtech;Roche;Business Perspectives at Roche;Graduate-/Traineeprogramm;Strategie-/Business-Rotationsprogramm;Rotationen Pharma, Diagnostics (Rotkreuz ZG) und Group Functions (Basel);Unklar;Firmen-Website;https://careers.roche.com/global/en/business-perspectives-at-roche;;unbekannt (wiederkehrendes Programm);"Bis zu 4 Rotationen à 6–8 Monate für Profile in Science, Data Science oder Business; Weg in strategische Rolle. Bewerbungsfenster prüfen.";"Programmseite ohne Datum; wiederkehrendes Programm";niedrig
Offen? (prüfen);mittel;Pharma / Biotech / Medtech;Roche;Finance Perspectives Programme;Stretch (2–4 J.);Finance-Rotationsprogramm (Controlling, FP&A, Corporate Finance);"Rotationen über Divisionen (Pharma, Diagnostics mit Sitz in Rotkreuz ZG, Group; Basel)";Unklar;Firmen-Website;https://careers.roche.com/global/en/finance-perspectives-programme;;Programmstart 1. September 2027;"Leadership-Programm; ideal 3–5 J. Erfahrung (Finance/Consulting/Healthcare), Master/MBA, globale Mobilität. Standorte je Rotation offen, evtl. Basel-lastig.";Programmseite nennt Startdatum 1.9.2027 (nächster Jahrgang);niedrig
Offen? (prüfen);mittel;Pharma / Biotech / Medtech;Roche (Roche Diagnostics International, Rotkreuz);Service Analyst Business Partner;Unklar;Business-/Service-Analytics, Business Partnering;Rotkreuz (RDI), Kanton Zug;ZG;Andere;https://aijobs.net/job/1274344-service-analyst-business-partner/;;;"Erfahrungsniveau und Aktualität unklar; auf careers.roche.com gegenprüfen. Könnte eher IT-/Service-nah sein.";Nur als Aggregator-Treffer (aijobs.net) gesehen, kein Datum im Snippet;niedrig
Offen? (prüfen);hoch;Private Equity;LGT Capital Partners AG;Private Equity Analyst Program - Direct Investment Team;Graduate-/Traineeprogramm;Direct / Co-Investments Analyst;Pfäffikon SZ (bei Zürich) oder London;SZ;jobs.ch / jobup.ch;https://www.jobs.ch/de/stellenangebote/detail/73772d35-7c90-4b14-9093-fd7f2a296a5f/;;;"2-jährige Vollzeitanstellung für Absolventen; Schweiz (bei Zürich) oder London.";Kein Datum im Snippet;niedrig
Offen? (prüfen);hoch;Private Equity;LGT Capital Partners AG;Private Equity Analyst Program - Secondary Team;Graduate-/Traineeprogramm;Secondaries investment analysis / valuation of PE funds;Pfäffikon SZ (near Zurich);SZ;jobs.ch / jobup.ch;https://www.jobs.ch/en/vacancies/detail/0a6def18-9917-4eb6-b277-d93ad33c94f1/;;Anticipated start 1 July 2026 (per snippet);2-year full-time analyst programme with a path to Associate. Covers financial modelling, fund accounting analysis and PE fund valuation. Check whether it is still open.;jobs.ch snippet names start date 1 July 2026. That date has passed, so the posting may be closed or may be for a rolling or next intake.;niedrig
Offen? (prüfen);hoch;Private Equity;Partners Group;6-month internship - Private Equity Directs, Services (Zug, Switzerland);Praktikum (Absolventen);PE Direct Investments, Services;Baar (Zug);ZG;Firmen-Website / Andere;https://jobs.partnersgroup.com/job/Baar-6-month-internship-Private-Equity-Directs,-Services-(Zug,-Switzerland)/1251485201/;;;"6 Monate; ältere Posting-ID, evtl. geschlossen.";;niedrig
Offen? (prüfen);hoch;Private Equity;Partners Group;6-month Private Equity Partnership Investments Internship;Praktikum (Absolventen);PE Partnership Investments;Baar;ZG;Firmen-Website / Andere;https://jobs.partnersgroup.com/job/Baar-6-month-Private-Equity-Partnership-Investments-Internship/1431552533/;;;"6 Monate; neueste Partners-Group-ID in der Liste; kein Datum.";;niedrig
Offen? (prüfen);hoch;Private Equity;Partners Group AG;Analyst, Private Equity Partnership Investments;Einstieg / Analyst / Junior;Secondaries / Primaries / Co-Investments Analyst;Baar;ZG;Firmen-Website;https://jobs.partnersgroup.com/job/Baar-Analyst,-Private-Equity-Partnership-Investments/1283345701/;;;"Analystenrolle im Partnership-Investments-Team (Secondaries, GP-led); Aktualität nicht verifiziert.";"Kein Datum sichtbar; Job-ID mittelalt";niedrig
Offen? (prüfen);hoch;Private Equity;Partners Group AG;Associate, Private Equity, Technology Vertical;Stretch (2–4 J.);Direct PE Investments (Majority/Control), Technologie-Sektor;Zug oder London;ZG;Firmen-Website;https://jobs.partnersgroup.com/job/Baar-Associate,-Private-Equity,-Technology-Vertical/1242708701/;;;"Zug oder London; Associate-Level, vermutlich IB/PE-Vorerfahrung gefordert; Aktualität unsicher.";Kein Datum sichtbar;niedrig
Offen? (prüfen);hoch;Private Equity;Partners Group AG;Financial Analyst Program (Europe - Zug, Switzerland);Graduate-/Traineeprogramm;Investment-Track mit Rotationen (PE, Private Debt, Infrastructure, Real Estate, Royalties);Baar / Zug;ZG;Firmen-Website;https://jobs.partnersgroup.com/job/Baar-Financial-Analyst-Program-(Europe-Zug,-Switzerland)/1235819701/;;unbekannt (rollierendes Programm);"Für Absolventen, max. 1 J. Vollzeiterfahrung; 2–3 J. Commitment; erste Rotation Zug; Private-Debt-Rotation möglich; keine Visa-Sponsorship.";Rollierendes Graduate-Programm, kein Datum im Snippet;niedrig
Offen? (prüfen);hoch;Private Equity;Partners Group AG;Financial Analyst, Private Markets Royalties;Einstieg / Analyst / Junior;Investment Analyst Royalties (Due Diligence, Execution, Monitoring);Baar / Zug;ZG;Firmen-Website;https://jobs.partnersgroup.com/job/Baar-Financial-Analyst,-Private-Markets-Royalties/1218306601/;;;"Due Diligence, Transaktionsausführung, Monitoring von Royalty-Investments; Aktualität unsicher.";"Kein Datum sichtbar; ältere Job-ID";niedrig
Offen? (prüfen);mittel;Private Equity;Partners Group;Intern;Praktikum (Absolventen);Praktikum (Bereich unklar);Baar;ZG;Firmen-Website / Andere;https://jobs.partnersgroup.com/job/Baar-Intern/1367822833/;;;"Allgemeines Praktikum ohne Angabe der Funktion; kein Datum.";;niedrig
Offen? (prüfen);mittel;Private Equity;Partners Group AG;Business Project Manager Private Equity - Digital Board Platform;Unklar;Business Project Management / Portfolio Governance;Baar;ZG;jobs.ch / jobup.ch;https://www.jobs.ch/de/stellenangebote/detail/00000584237d2e433889a561ceba3d1cc67eba3631/;;;"Projektmanagement Digital Board Platform im PE-Bereich; Erfahrungsanforderung unklar, eher erfahrene Profile.";Kein Datum im Snippet;niedrig
Offen? (prüfen);hoch;Real Estate Investment;Profond Vorsorgeeinrichtung;Asset Manager/in Immobilien Schweiz;Unklar;Asset Management eines Immobilienportfolios Schweiz (Pensionskasse);"Thalwil (Sitz Profond; Ort im Snippet nicht bestätigt)";ZH;jobs.ch / jobup.ch;https://www.jobs.ch/en/vacancies/detail/fe7b0849-28e8-4338-b3e6-31f1d12c57a9/;;;Erforderliche Berufserfahrung nicht sichtbar, vermutlich mehrjährig. Nur bewerben, falls Junior-tauglich.;"Aktuell auf jobs.ch indexiert; kein Datum sichtbar";niedrig
Offen? (prüfen);hoch;Real Estate Investment;Swiss Life Asset Managers;Junior Transaction Manager/in Real Estate;Stretch (2–4 J.);Immobilientransaktionen (An-/Verkauf), Due Diligence, Bewertung;Zürich;ZH;jobs.ch / jobup.ch;https://www.jobs.ch/en/companies/90066-swiss-life-asset-managers/vacancies/;;;Keine Einzel-URL gesehen. Junior-Rollen bei SLAM verlangen laut Snippet Top-Studium und 1,5–2,5 Jahre Erfahrung.;"In der Suchzusammenfassung zu Swiss Life AM Stellen erwähnt; kein Datum";niedrig
Offen? (prüfen);hoch;Real Estate Investment;Swiss Life Asset Managers;Market Intelligence Analyst Real Assets (Real Estate & Infrastructure);Einstieg / Analyst / Junior;Marktresearch / Market Intelligence Immobilien und Infrastruktur;Zürich;ZH;LinkedIn;https://ch.linkedin.com/jobs/swiss-life-asset-managers-stellen;;;Titel sinngemäss aus der Suchzusammenfassung, keine Einzel-URL gesehen. Research-Rolle passt ideal zur REIT-Thesis. Auf LinkedIn prüfen.;In aktueller LinkedIn-Liste '9 Jobs für Swiss Life Asset Managers in Schweiz' erwähnt;niedrig
Offen? (prüfen);hoch;Real Estate Investment;Swiss Prime Site Management AG (Swiss Prime Site Gruppe);Trainee Real Passion 4 Real Estate;Graduate-/Traineeprogramm;Traineeprogramm über den Immobilien-Lebenszyklus (Portfolio-/Asset Management, Transaktionen, Entwicklung);Zürich (Hardstrasse 201) / Zug, Rotation durch Gruppengesellschaften;Mehrere;jobs.ch / jobup.ch;https://www.jobs.ch/de/stellenangebote/detail/11015350/;;"Programmstart jeweils 1. September; laut SPS Bewerbungen für Start 1.9.2027 ab Februar 2027";"BSc/MSc BWL, Recht oder Wirtschaftsingenieur; 12 Monate (+6 optional). Auch auf impactcareers.ch gelistet. Als Vormerkung für Bewerbung Feb. 2027.";"SPS-Karriereseite: Rekrutierung 2026 abgeschlossen, 2027 ab Feb. 2027 – jobs.ch-Posting evtl. veraltet; Datum nicht gesehen";niedrig
Offen? (prüfen);hoch;Real Estate Investment;UBS;Real Estate Asset Analyst - Commercial;Einstieg / Analyst / Junior;Real Estate Asset Management;unklar (Suche: Zürich);Unklar;Firmen-Website / Andere;https://jobs.ubs.com/TGnewUI/Search/home/HomeWithPreLoad?partnerid=25008&siteid=5012&PageType=JobDetails&jobid=329821;;;"Standort unklar, evtl. USA; jobid ca. Ende 2025.";;niedrig
Offen? (prüfen);hoch;Real Estate Investment;Unbekannt (Arbeitgeber im Snippet nicht genannt);Investment Analyst Real Estate Switzerland (80-100%);Einstieg / Analyst / Junior;Investment-Analyse Immobilien Schweiz;Schweiz (Ort im Snippet nicht sichtbar);Unklar;jobs.ch / jobup.ch;https://www.jobs.ch/en/vacancies/detail/443da551-68fd-4049-beae-0533cc10fc1b/;;;"Aufgetaucht bei Suche nach Swiss Life AM Immobilien; Arbeitgeber, Ort und Anforderungen auf der Seite prüfen. Passt sehr gut zum Thesis-Profil.";"Aktuell auf jobs.ch indexiert; kein Datum sichtbar";niedrig
Offen? (prüfen);mittel;Research / Ratings / Finanzdaten;Zürcher Kantonalbank;Fachspezialist:in Research Operations (m/w/d);Unklar;Research Operations im Aktien-/Immobilienfonds-/Credit-Research der ZKB;Zürich;ZH;jobs.ch / jobup.ch;https://www.jobs.ch/de/stellenangebote/detail/9fb2dab7-a96d-41de-9b67-ea285e1da00f/;;;"Das Research deckt rund 190 Firmen, Immobilienfonds und Anlagestiftungen ab. 'Fachspezialist' deutet eher auf Berufserfahrung hin; bitte prüfen.";Kein Datum im Snippet gesehen;niedrig
Offen? (prüfen);mittel;Wealth Management;Kaiser Partner;Wealth Planner;Unklar;Wealth Planning / Structuring Advisory;Unklar (Zürich-Niederlassung oder HQ Vaduz FL);Unklar;Firmen-Website;https://apply.workable.com/kaiserpartner/j/BB2B574E8F/;;;Nur Titel gesehen. Standort (evtl. nur Vaduz = ausserhalb Region) und Erfahrungsanforderung unklar. Wealth-Planner-Rollen verlangen oft Trust-/Steuer-Erfahrung. Vor Bewerbung prüfen.;Only the title and URL showed up in a search result for Kaiser Partner's Workable career page. No date, location or experience level was visible.;niedrig
Offen? (prüfen);mittel;Wealth Management;LGT Private Banking (laut Suchzusammenfassung);Assistant Relationship Manager – Swiss Onshore Market (Zurich) (f/m/d);Einstieg / Analyst / Junior;Assistant RM – Swiss Onshore Private Clients;Zürich;ZH;Andere;https://builtin.com/job/assistant-relationship-manager-swiss-onshore-market-zurich-f-m-d/8058258;;;"Arbeitgeber (LGT) nur per Such-Zusammenfassung; Erfahrung nicht angegeben; betreut Schweizer Onshore-Kunden inkl. Portfolio-Support.";"Built-In-ID 8058258 (neuerer Nummernkreis); kein Datum sichtbar";niedrig
Offen? (prüfen);mittel;Wealth Management;UBS;Graduate Talent Program (Trainee);Graduate-/Traineeprogramm;Graduate Talent Program (Bereich offen);Zürich (vermutlich);ZH;Firmen-Website / Andere;https://talendo.ch/de/jobs/133313-graduate-talent-program;;;"talendo-Inserat ohne Jahrgang/Datum; laut Suche 2027-Programm Zürich, prüfen.";;niedrig
Offen? (prüfen);mittel;Wealth Management;VZ VermögensZentrum;Einstieg Financial Consulting/Wealth Management, ab 90%;Graduate-/Traineeprogramm;Financial Consulting / Wealth Management;Aarau;AG;jobs.ch / jobup.ch;https://www.jobs.ch/de/stellenangebote/detail/7502070/;;;"Filiale Aarau; BWL-Studium (Uni/FH) abgeschlossen oder 2. Studienhälfte; Trainee 18-24 Mt.";"Ältere numerische jobs.ch-ID; evtl. nicht mehr aktiv";niedrig
Offen? (prüfen);mittel;Wealth Management;VZ VermögensZentrum;Einstieg ins Financial Consulting, 80-100%;Graduate-/Traineeprogramm;Finanzberatung;unklar (VZ-Filiale);Unklar;jobs.ch / jobup.ch;https://www.jobs.ch/en/vacancies/detail/9dbef91d-52e5-43dd-ab8d-b6edac9b8831/;;;"Trainee zum Financial Consultant (Vorsorge, Steuern, Anlagen); Standort im Inserat prüfen.";jobs.ch UUID-Inserat, Datum unbekannt;niedrig
Offen? (prüfen);mittel;Wealth Management;VZ VermögensZentrum AG;Einstieg als Junior Finanzplaner/-in, 80-100%;Einstieg / Analyst / Junior;Finanzplanung;unklar (Zürich-Region vermutet);Unklar;jobs.ch / jobup.ch;https://www.jobs.ch/de/stellenangebote/detail/10190663/;;;"Junior Finanzplaner, Einstiegsstelle; Aktualität und Standort prüfen.";Numerische jobs.ch-ID, Alter unklar;niedrig
Offen? (prüfen);gering;Wealth Management;UBS;Process and Quality Analyst (Global Wealth Management);Unklar;Prozess-/Qualitätsanalyse GWM;unklar (vermutlich Zürich);Unklar;Firmen-Website / Andere;https://jobs.ubs.com/TGnewUI/Search/home/HomeWithPreLoad?partnerid=25008&siteid=5012&PageType=JobDetails&jobid=343051;;;"Experienced-Board, Standort nicht angegeben; Erfahrung evtl. verlangt";;niedrig
Offen? (prüfen);gering;Wealth Management;Zürcher Kantonalbank;Junior-Trainee Privatkunden 80% - 100% (Private Banking );Einstieg / Analyst / Junior;Kundenberatung Private Banking (Trainee);Zürich;ZH;jobs.ch / jobup.ch;https://www.jobs.ch/de/stellenangebote/detail/00000561583f8e8bb571cc086ca44e9605ad23ffde/;;;Richtet sich möglicherweise an KV-/Matura-Absolventen statt an Master-Absolventen. Aktualität unsicher.;"Alte ID-Form bei jobs.ch; die Aktualität ist unsicher";niedrig
Wahrscheinlich abgelaufen;hoch;Asset Management;LGT Capital Partners;Investment Analyst – Equity;Einstieg / Analyst / Junior;Global sector coverage, fundamental and ESG equity research;Pfäffikon SZ (LinkedIn shows 'Pfäffikon (Zürich)');SZ;LinkedIn;https://ch.linkedin.com/jobs/view/investment-analyst-%E2%80%93-equity-at-lgt-capital-partners-3771120430;;;Lead global coverage of sectors and write investment reports with recommendations using financial and ESG analysis. Required experience is not stated in the snippet.;LinkedIn ID 3771120430 suggests about late 2023, so this is likely an old posting. LinkedIn-ID 3771120430;niedrig
Wahrscheinlich abgelaufen;hoch;Asset Management;UBS (Asset Management);2026 Graduate Talent Program - Asset Management Investments;Graduate-/Traineeprogramm;Investments (Portfolio Management / Research);Unklar (auf ch.linkedin.com gelistet, vermutlich Zürich);Unklar;LinkedIn;https://ch.linkedin.com/jobs/view/2026-graduate-talent-program-asset-management-investments-at-ubs-4317862171;https://jobs.ubs.com/TGnewUI/Search/home/HomeWithPreLoad?partnerid=25008&siteid=5131&PageType=JobDetails&jobid=336492;Intake 2026;"Standort nicht verifiziert; evtl. identisch mit jobs.ubs.com jobid=336492. Vermutlich geschlossen.";"LinkedIn-ID 4317862171 (ca. Okt./Nov. 2025); 2026-Intake LinkedIn-ID 4317862171";niedrig
Wahrscheinlich abgelaufen;hoch;Asset Management;UBS (Asset Management, Unified Global Alternatives);2026 Graduate Talent Program – Asset Management UGA;Graduate-/Traineeprogramm;Alternative/Real Assets Investing;Zürich;ZH;LinkedIn;https://ch.linkedin.com/jobs/view/2026-graduate-talent-program-%E2%80%93-asset-management-uga-zh-at-ubs-4290672563;;Intake 2026;Wahrscheinlich geschlossen – stattdessen 2027-Version bewerben.;"LinkedIn-ID 4290672563 (ca. Sept. 2025); durch 2027-Ausschreibung vermutlich ersetzt LinkedIn-ID 4290672563";niedrig
Wahrscheinlich abgelaufen;mittel;Bank – Konzernfunktionen (Risk, Finance, Treasury, Audit …);UBS;2026 Graduate Talent Program - Business Analyst – Zurich;Graduate-/Traineeprogramm;Business Analyst (Technology-Division);Zürich;ZH;LinkedIn;https://ch.linkedin.com/jobs/view/2026-graduate-talent-program-%E2%80%93-technology-%E2%80%93-business-analyst-%E2%80%93-zurich-at-ubs-4331662627;;;"LinkedIn-ID 4.33 Mrd. (ca. Dez 2025); Business-Analyst-Rolle in der Technology-Division"; LinkedIn-ID 4331662627;niedrig
Wahrscheinlich abgelaufen;mittel;Bank – Konzernfunktionen (Risk, Finance, Treasury, Audit …);UBS;2026 Graduate Talent Program – Corporate Real Estate & Services – ZH;Graduate-/Traineeprogramm;Graduate-Programm Corporate Real Estate & Services;Zürich;ZH;Firmen-Website;https://jobs.ubs.com/TGnewUI/Search/home/HomeWithPreLoad?partnerid=25008&siteid=5131&PageType=JobDetails&jobid=338991;;Intake 2026;"Evtl. bereits besetzt/geschlossen; bei Nichtverfügbarkeit den 2027-Track 'Group Real Estate' (jobid 347435) nutzen.";"Intake 2026; Job-ID 338991 älter als die 2027-IDs, daher evtl. schon geschlossen";niedrig
Wahrscheinlich abgelaufen;mittel;Bank – Konzernfunktionen (Risk, Finance, Treasury, Audit …);UBS;2026 Graduate Talent Program – GIC Risk & Regulatory – Zurich;Graduate-/Traineeprogramm;Risk & Regulatory;Zürich;ZH;Firmen-Website;https://jobs.ubs.com/TGnewUI/Search/home/HomeWithPreLoad?partnerid=25008&siteid=5176&PageType=JobDetails&jobid=333932;;Intake 2026;24 Monate (Governance, Risk & Control). Vermutlich geschlossen.;"2026-Intake; jobid 333xxx (ca. Herbst 2025)";niedrig
Wahrscheinlich abgelaufen;mittel;Bank – Konzernfunktionen (Risk, Finance, Treasury, Audit …);UBS;2026 Off-cycle Internship - Personal & Corporate Client Needs - Zurich;Praktikum (Absolventen);Personal & Corporate Banking – Client Needs;Zürich;ZH;Firmen-Website / Andere;https://jobs.ubs.com/TGnewUI/Search/home/HomeWithPreLoad?partnerid=25008&siteid=5176&PageType=JobDetails&jobid=340570;;;Off-cycle 2026, jobid ca. Anfang 2026.;;niedrig
Wahrscheinlich abgelaufen;mittel;Bank – Konzernfunktionen (Risk, Finance, Treasury, Audit …);UBS;2026 Off-cycle Internship – Group Risk Control – Zurich;Praktikum (Absolventen);Off-cycle-Praktikum Group Risk Control;Zürich;ZH;Firmen-Website / Andere;https://jobs.ubs.com/TGnewUI/Search/home/HomeWithPreLoad?partnerid=25008&siteid=5131&PageType=JobDetails&jobid=348010;https://jobs.ubs.com/TGnewUI/Search/home/HomeWithPreLoad?partnerid=25008&siteid=5131&PageType=JobDetails&jobid=343428;;"Job-ID deutet auf ca. Mitte 2026 hin, relativ frisch; Off-cycle";;niedrig
Wahrscheinlich abgelaufen;mittel;Bank – Konzernfunktionen (Risk, Finance, Treasury, Audit …);UBS;2026 Off-cycle internship – Risk Control Multinationals GRC – Zurich;Praktikum (Absolventen);Group Risk Control (Multinationals);Zürich;ZH;Firmen-Website / Andere;https://jobs.ubs.com/TGnewUI/Search/home/HomeWithPreLoad?partnerid=25008&siteid=5176&PageType=JobDetails&jobid=343499;;;Off-cycle 2026, jobid ca. Anfang 2026.;;niedrig
Wahrscheinlich abgelaufen;mittel;Bank – Konzernfunktionen (Risk, Finance, Treasury, Audit …);UBS (Group Finance);2026 Graduate Talent Program, Reporting & Analytics - Zurich;Graduate-/Traineeprogramm;Finance: Business Planning, Corporate Strategy, Financial Forecasting;Zürich;ZH;Firmen-Website;https://jobs.ubs.com/TGnewUI/Search/home/HomeWithPreLoad?partnerid=25008&siteid=5176&PageType=JobDetails&jobid=334610;;Intake 2026;Vermutlich geschlossen.;"2026-Intake; jobid 334xxx (ca. Herbst 2025)";niedrig
Wahrscheinlich abgelaufen;mittel;Bank – Konzernfunktionen (Risk, Finance, Treasury, Audit …);UBS (Group Internal Audit);2026 Graduate Talent Program – Internal Audit GWM - Zurich;Graduate-/Traineeprogramm;Internal Audit Global Wealth Management;Zürich;ZH;Firmen-Website;https://jobs.ubs.com/TGnewUI/Search/home/HomeWithPreLoad?partnerid=25008&siteid=5131&PageType=JobDetails&jobid=334730;https://ch.linkedin.com/jobs/view/2026-graduate-talent-program-%E2%80%93-internal-audit-gwm-zurich-at-ubs-4303299617;Intake 2026;Vermutlich geschlossen.;"2026-Intake; LinkedIn-Duplikat ID 4303299617 (ca. Sept. 2025)";niedrig
Wahrscheinlich abgelaufen;mittel;Bank – Konzernfunktionen (Risk, Finance, Treasury, Audit …);UBS (Group Internal Audit);2026 Graduate Talent Program – Internal Audit – Zurich;Graduate-/Traineeprogramm;Internal Audit;Zürich;ZH;LinkedIn;https://ch.linkedin.com/jobs/view/2026-graduate-talent-program-%E2%80%93-internal-audit-%E2%80%93-zurich-at-ubs-4294589553;;Intake 2026;Vermutlich geschlossen.;LinkedIn-ID 4294589553 (ca. Sept. 2025) LinkedIn-ID 4294589553;niedrig
Wahrscheinlich abgelaufen;mittel;Bank – Konzernfunktionen (Risk, Finance, Treasury, Audit …);UBS (Group Risk Control);2026 Graduate Talent Program – Group Risk Control;Graduate-/Traineeprogramm;Risk Control (Kredit-/Marktrisiko);Zürich (vermutlich);ZH;Firmen-Website;https://jobs.ubs.com/TGnewUI/Search/home/HomeWithPreLoad?jobid=333548&codes=TALENDO&siteid=5131&partnerid=25008&PageType=JobDetails;;Intake 2026;"Standort nicht im Titel; via talendo-Code (CH) ausgeschrieben. Vermutlich geschlossen.";"2026-Intake; jobid 333xxx (ca. Herbst 2025)";niedrig
Wahrscheinlich abgelaufen;mittel;Bank – Konzernfunktionen (Risk, Finance, Treasury, Audit …);UBS (Group Technology);2026 Graduate Talent Program – Technology – Business Analyst – Zurich;Graduate-/Traineeprogramm;Business Analyst (Technologie);Zürich;ZH;Firmen-Website;https://jobs.ubs.com/TGnewUI/Search/home/HomeWithPreLoad?partnerid=25008&siteid=5131&PageType=JobDetails&jobid=336742;;Intake 2026;Nachfolger: 2027 IT Business Analyst (siehe oben) – diesen bevorzugen.;"2026-Intake; LinkedIn-Duplikat ID 4331662627 (ca. Nov. 2025)";niedrig
Wahrscheinlich abgelaufen;mittel;Bank – Konzernfunktionen (Risk, Finance, Treasury, Audit …);UBS (Group Treasury / Technology);2026 Graduate Talent Program – Tech – Liquidity and Funding – Zurich;Graduate-/Traineeprogramm;Liquidity & Funding – Schnittstelle Finance/Technologie;Zürich;ZH;Firmen-Website;https://jobs.ubs.com/TGnewUI/Search/home/HomeWithPreLoad?jobid=339253&codes=TALENDO&siteid=5131&partnerid=25008&PageType=JobDetails;;Intake 2026;"Kombiniert Treasury und Technologie; vermutlich geschlossen.";"2026-Intake; jobid 339xxx (ca. Winter 2025/26)";niedrig
Wahrscheinlich abgelaufen;mittel;Bank – Konzernfunktionen (Risk, Finance, Treasury, Audit …);UBS (Group Treasury);2026 Graduate Talent Program - Group Treasury;Graduate-/Traineeprogramm;Treasury – Liquiditäts- und Kapitalmanagement;"Zürich (vermutlich; London hat separate Ausschreibung)";ZH;Firmen-Website;https://jobs.ubs.com/TGnewUI/Search/home/HomeWithPreLoad?partnerid=25008&siteid=5131&PageType=JobDetails&jobid=332255;;Intake 2026;Standort nicht explizit im Titel. Vermutlich geschlossen.;"2026-Intake; jobid 332xxx (ca. Herbst 2025)";niedrig
Wahrscheinlich abgelaufen;mittel;Bank – Konzernfunktionen (Risk, Finance, Treasury, Audit …);UBS (Personal & Corporate Banking – Corporate & Institutional Clients);2026 Graduate Talent Program – Securities Banks (CIC) - Zurich;Graduate-/Traineeprogramm;Coverage von Wertschriftenbanken / institutionellen Kunden;Zürich;ZH;Firmen-Website;https://jobs.ubs.com/TGnewUI/Search/home/HomeWithPreLoad?partnerid=25008&siteid=5131&PageType=JobDetails&jobid=334082;;Intake 2026;Vermutlich geschlossen oder kurz vor Besetzung.;"2026-Intake; jobid 334xxx (ca. Herbst 2025)";niedrig
Wahrscheinlich abgelaufen;gering;Bank – Konzernfunktionen (Risk, Finance, Treasury, Audit …);UBS (Personal & Corporate Banking);2026 Graduate Talent Program – P&C Marketing & Digital Sales - Zurich;Graduate-/Traineeprogramm;Marketing & Digital Sales für Privatkunden Schweiz;Zürich;ZH;Firmen-Website;https://jobs.ubs.com/TGnewUI/Search/home/HomeWithPreLoad?partnerid=25008&siteid=5131&PageType=JobDetails&jobid=342745;https://ch.linkedin.com/jobs/view/2026-graduate-talent-program-%E2%80%93-p-c-marketing-digital-sales-zurich-at-ubs-4303989951;Intake 2026;Vermutlich geschlossen.;"2026-Intake; LinkedIn-Duplikat ID 4303989951 (ca. Sept. 2025)";niedrig
Wahrscheinlich abgelaufen;hoch;Corporate Development / M&A (Konzern);UBS;2026 Off-cycle Internship – Group M&A – Zurich;Praktikum (Absolventen);Group M&A;Zürich;ZH;LinkedIn;https://www.linkedin.com/jobs/view/2026-off-cycle-internship-%E2%80%93-group-m-a-%E2%80%93-zurich-at-ubs-4292009223?position=31&pageNum=0&refId=kR4v%2F17Rk9vRv9kxWlzI4Q%3D%3D&trackingId=BGCBZnYr6mLOP+iO67BAXg%3D%3D;;;"LinkedIn-ID 4.29 Mrd. (ca. Sept. 2025); 2026-Intake, evtl. besetzt."; LinkedIn-ID 4292009223;niedrig
Wahrscheinlich abgelaufen;hoch;Investment Banking;Alantra;M&A / INVESTMENT BANKING Analyst – ZURICH (German speaking role);Einstieg / Analyst / Junior;M&A / Corporate Finance Advisory (Analyst);Zürich;ZH;LinkedIn;https://ch.linkedin.com/jobs/view/m-a-investment-banking-analyst-–-zurich-german-speaking-role-at-alantra-2809551840;;;Swiss Corporate Finance & M&A team, deutschsprachig. Alte ID: auf Alantra-Karriereseite prüfen, ob aktuell neu ausgeschrieben.;LinkedIn-ID 2809551840 (ca. 2021), vermutlich alte Ausschreibung LinkedIn-ID 2809551840;niedrig
Wahrscheinlich abgelaufen;hoch;Investment Banking;Bank of America;Investment Banking 2026 Off-Cycle Analyst - Zurich;Praktikum (Absolventen);Investment Banking (Off-Cycle Analyst);Zürich;ZH;LinkedIn;https://ch.linkedin.com/jobs/view/investment-banking-2026-off-cycle-analyst-zurich-at-bank-of-america-4293802245;;;"Off-Cycle-Programm 2026 (praktikumsähnlich); Absolventen-Eignung und Status nicht verifiziert, evtl. bereits besetzt.";"LinkedIn-ID 4293802245 (ca. Sept. 2025); Intake 2026 LinkedIn-ID 4293802245";niedrig
Wahrscheinlich abgelaufen;hoch;Investment Banking;Bank of America;Senior Analyst up to Associate - Investment Banking Zurich;Stretch (2–4 J.);Investment Banking M&A / Financing (Swiss Coverage);Zürich;ZH;LinkedIn;https://ch.linkedin.com/jobs/view/senior-analyst-up-to-associate-investment-banking-zurich-at-bank-of-america-2872713036;;;"Erfordert vorherige IB-Erfahrung (Mid-Senior). Alte ID, wahrscheinlich geschlossen; BofA-Karriereseite prüfen.";LinkedIn-ID 2872713036 (ca. 2022), vermutlich alt LinkedIn-ID 2872713036;niedrig
Wahrscheinlich abgelaufen;hoch;Investment Banking;JPMorganChase;Investment Banking Analyst Program - Off-Cycle Internship ...;Praktikum (Absolventen);Investment Banking Analyst (Off-Cycle 2026);Zürich;ZH;LinkedIn;https://ch.linkedin.com/jobs/view/2026-commercial-investment-bank-investment-banking-analyst-program-off-cycle-internship-zurich-at-jpmorganchase-4226194643;;;"LinkedIn-ID 4.23 Mrd. (ca. Mitte 2025); Zeitraum 2026 unklar, evtl. bereits besetzt"; LinkedIn-ID 4226194643;niedrig
Wahrscheinlich abgelaufen;hoch;Investment Banking;Marktlink;M&A Analyst;Einstieg / Analyst / Junior;Mid-Market M&A Advisory (Analyst);Zürich;ZH;LinkedIn;https://ch.linkedin.com/jobs/view/m-a-analyst-at-%F0%9D%97%A0%F0%9D%97%AE%F0%9D%97%BF%F0%9D%97%B8%F0%9D%98%81%F0%9D%97%B9%F0%9D%97%B6%F0%9D%97%BB%F0%9D%97%B8-4065945995;;;"Mid-Market-M&A-Boutique (Unternehmensverkäufe KMU). Aktualität unklar; Karriereseite prüfen.";LinkedIn-ID 4065945995 (ca. Ende 2024), Status unklar LinkedIn-ID 4065945995;niedrig
Wahrscheinlich abgelaufen;hoch;Investment Banking;UBS;2026 Off-Cycle Internship - Investment Banking DCM;Praktikum (Absolventen);Debt Capital Markets;Zürich (vermutlich);ZH;Firmen-Website / Andere;https://jobs.ubs.com/TGnewUI/Search/home/HomeWithPreLoad?partnerid=25008&siteid=5131&PageType=JobDetails&jobid=335303;;;"Off-cycle 2026; Standort nicht im Titel, laut Suche Zürich.";;niedrig
Wahrscheinlich abgelaufen;hoch;Investment Banking;UBS;2026 Off-Cycle Internship - Investment Banking ECM - Zurich;Praktikum (Absolventen);Equity Capital Markets;Zürich;ZH;Firmen-Website / Andere;https://jobs.ubs.com/TGnewUI/Search/home/HomeWithPreLoad?partnerid=25008&siteid=5131&PageType=JobDetails&jobid=333798;;;"Off-cycle 2026, jobid ca. Ende 2025; evtl. schon besetzt.";;niedrig
Wahrscheinlich abgelaufen;hoch;Investment Banking;UBS;2026 Off-Cycle Internship - Investment Banking Mid Market - Zurich;Praktikum (Absolventen);IB Mid Market Schweiz (M&A);Zürich;ZH;Firmen-Website;https://jobs.ubs.com/TGnewUI/Search/home/HomeWithPreLoad?partnerid=25008&siteid=5176&PageType=JobDetails&jobid=342569;;"ca. Anfang 2026 publiziert; Start 2026";"Start 2026, evtl. schon besetzt; Eignung für Absolventen nicht verifiziert.";"Intake 2026, Posting wohl noch aktiv; kann schon besetzt sein";niedrig
Wahrscheinlich abgelaufen;hoch;Investment Banking;UBS;Investment Banking Large Cap - 2026 Off-Cycle Internship;Praktikum (Absolventen);Investment Banking Large Cap;Zürich (vermutlich);ZH;Firmen-Website / Andere;https://jobs.ubs.com/TGnewUI/Search/home/HomeWithPreLoad?partnerid=25008&siteid=5131&PageType=JobDetails&jobid=321663;;;"Off-cycle 2026, jobid ca. Mitte 2025 (Duplikat #147); evtl. schon besetzt.";;niedrig
Wahrscheinlich abgelaufen;hoch;Private Equity;LGT Capital Partners;Private Equity Analyst Program - Manager selection Team (Primaries);Graduate-/Traineeprogramm;Primary fund investments / manager selection;Freienbach, Schwyz;SZ;LinkedIn;https://ch.linkedin.com/jobs/view/private-equity-analyst-program-manager-selection-team-primaries-at-lgt-capital-partners-3410427429;;;2-year analyst programme in the Primaries (manager selection) team, which assesses PE/VC funds. Same programme family as the Secondary-team posting.;LinkedIn ID 3410427429 suggests an old posting (about 2022/23). The programme recurs each year, so check the careers site for the current intake. LinkedIn-ID 3410427429;niedrig
Wahrscheinlich abgelaufen;hoch;Private Equity;Partners Group;Private Equity Associate - Healthcare (Zug, Switzerland or London, UK);Stretch (2–4 J.);Direct PE investments, healthcare sector;Zug/Baar (or London);ZG;LinkedIn;https://uk.linkedin.com/jobs/view/private-equity-associate-healthcare-zug-switzerland-or-london-uk-at-partners-group-4148798850;;;Associate-level direct PE healthcare role, typically needs 2-4 years of IB/PE experience. An earlier Zug-only version is at ch.linkedin.com/jobs/view/...-4034996694.;LinkedIn IDs 4148798850 and 4034996694 date from about late 2024 / early 2025, so both are likely old and possibly reposted. LinkedIn-ID 4148798850;niedrig
Wahrscheinlich abgelaufen;mittel;Private Equity;Partners Group;Business Analyst;Unklar;Business Analysis;Baar;ZG;LinkedIn;https://ch.linkedin.com/jobs/view/business-analyst-at-partners-group-4258748616;;unbekannt (laut LinkedIn-ID etwa Mitte 2025);Hauptsitz von Partners Group in Baar. Möglicherweise eine IT- oder prozessnahe Business-Analyst-Rolle. Die Stelle ist alt: bitte die aktuelle Karriereseite prüfen.;Die LinkedIn-ID 4258748616 stammt etwa von Mitte 2025, ist also rund 15 Monate alt. Die Stelle ist wahrscheinlich geschlossen oder wurde neu ausgeschrieben. LinkedIn-ID 4258748616;niedrig
Wahrscheinlich abgelaufen;gering;Private Equity;Capital Dynamics;Senior Associate, Client Relations (Private Equity) - Zug/Zurich;Stretch (2–4 J.);Investor / client relations for private equity;Zug or Zurich;Mehrere;LinkedIn;https://ch.linkedin.com/jobs/view/senior-associate-client-relations-private-equity-zug-zurich-at-capital-dynamics-4248057895;;;Senior Associate client-relations (IR) role that probably requires more than 3 years of experience. Included only as a stretch option.;LinkedIn ID 4248057895 suggests about mid-2025, so this may be old. LinkedIn-ID 4248057895;niedrig
Wahrscheinlich abgelaufen;hoch;Real Estate Investment;UBS;2026 Off-cycle Internship – Real Estate Portfolio Management – ZH;Praktikum (Absolventen);Real Estate Portfolio Management;Zürich;ZH;LinkedIn;https://ch.linkedin.com/jobs/view/2026-off-cycle-internship-%E2%80%93-real-estate-portfolio-management-%E2%80%93-zh-at-ubs-4334037440;;;"LinkedIn-ID 4.33 Mrd. (ca. Okt. 2025 bis Apr. 2026); passt zur Immobilien-Thesis."; LinkedIn-ID 4334037440;niedrig
Wahrscheinlich abgelaufen;mittel;Wealth Management;UBS;2026 Graduate Talent Program – GWM Business Risk ...;Graduate-/Traineeprogramm;Business Risk Analyst GWM;Zürich;ZH;LinkedIn;https://ch.linkedin.com/jobs/view/2026-graduate-talent-program-%E2%80%93-gwm-business-risk-analyst-%E2%80%93-zh-at-ubs-4328585731;;;"LinkedIn-ID 4.33 Mrd. (ca. Dez 2025); Risiko-Track GWM"; LinkedIn-ID 4328585731;niedrig
Wahrscheinlich abgelaufen;mittel;Wealth Management;UBS (Global Wealth Management);2026 Graduate Talent Program – CAM GFIW Switzerland - Zurich;Graduate-/Traineeprogramm;Client Account Manager, Global Family & Institutional Wealth Schweiz;Zürich;ZH;Firmen-Website;https://jobs.ubs.com/TGnewUI/Search/home/HomeWithPreLoad?jobid=332449&codes=TALENDO&siteid=5131&partnerid=25008&PageType=JobDetails;;Intake 2026;"Vermutlich geschlossen; Nachfolger 2027 (GWM Client Account Manager) auf talendo/Glassdoor erwähnt.";"2026-Intake; frühe jobid (332xxx, ca. Herbst 2025)";niedrig
Wahrscheinlich abgelaufen;mittel;Wealth Management;UBS (Global Wealth Management);2026 Graduate Talent Program – UHNW - Zurich;Graduate-/Traineeprogramm;Ultra High Net Worth – Unterstützung Kundenberater;Zürich;ZH;Firmen-Website;https://jobs.ubs.com/TGnewUI/Search/home/HomeWithPreLoad?partnerid=25008&siteid=5131&PageType=JobDetails&jobid=340682;https://ch.linkedin.com/jobs/view/2026-graduate-talent-program-%E2%80%93-uhnw-zurich-at-ubs-4365139518 https://talendo.ch/en/jobs/136905-2026-graduate-talent-program-uhnw-zurich;Intake 2026;"18 Monate; Abschluss max. 18 Monate zurück, Note ≥4.5. Duplikate: LinkedIn 4365139518, eFinancialCareers id23729171, talendo 136905.";"2026-Intake; LinkedIn-Duplikat ID 4365139518 (ca. Jan./Feb. 2026)";niedrig
Wahrscheinlich abgelaufen;mittel;Wealth Management;UBS (Global Wealth Management);2026 Graduate Talent Program – Wealth Management APAC Switzerland - ZH;Graduate-/Traineeprogramm;Wealth Management APAC-Kunden (Booking Center Schweiz);Zürich;ZH;Firmen-Website;https://jobs.ubs.com/TGnewUI/Search/home/HomeWithPreLoad?partnerid=25008&siteid=5176&PageType=JobDetails&jobid=340319;https://ch.linkedin.com/jobs/view/2026-graduate-talent-program-%E2%80%93-wealth-management-apac-switzerland-zh-at-ubs-4361145821;Intake 2026;Evtl. bereits geschlossen. Duplikat: ch.linkedin.com/jobs/view/...-4361145821.;"2026-Intake; LinkedIn-Duplikat ID 4361145821 (ca. Jan. 2026)";niedrig
Wahrscheinlich abgelaufen;mittel;Wealth Management;UBS (Global Wealth Management);GWM Business Risk Analyst - 2026 Graduate Talent Program;Graduate-/Traineeprogramm;Business Risk / Risk Control in GWM;Zürich;ZH;Firmen-Website;https://jobs.ubs.com/TGnewUI/Search/home/HomeWithPreLoad?partnerid=25008&siteid=5176&PageType=JobDetails&jobid=333012;;Intake 2026;Duplikat: ch.linkedin.com/jobs/view/2026-graduate-talent-program-–-gwm-business-risk-analyst-–-zh-at-ubs-4328585731. Vermutlich geschlossen.;"2026-Intake; LinkedIn-Duplikat ID 4328585731 (ca. Nov. 2025)";niedrig
